,Tweet,Sentiment
0,newly developed system generating life-changing wealth currently looking for additional beta-testers. use this link for free access #makemoneyonline #workfromhome #sidehustle #crypto,Positive
1,#onlinejob #workfromhome #onlinebusiness #0%investment # whatsapp 9113028492 #good morning,Positive
2,#onlinejob #workfromhome #onlinebusiness #0%investment # whatsapp 9113028492 #good morning,Positive
3,#onlinejob #workfromhome #onlinebusiness #0%investment # whatsapp 9113028492 #good morning,Positive
4,"haryana: students of classes 10-12 to get free tablets, internet data in may | mint #byjus #onlinelearning",Positive
5,#onlinejob #workfromhome #onlinebusiness #0%investment # whatsapp 9113028492 #good morning,Positive
6,#onlinejob #workfromhome #onlinebusiness #0%investment # whatsapp 9113028492 #good morning,Positive
7,"vision builds hope into you, your business, your company and your future for a better tomorrow. #howtomakemoneyonline #makemoneyonline #onlinebusiness #workfromhome #entrepreneur",Positive
8,new remote job executive assistant #remotejobs #remote #remoteworking #workfromhome #homejobs #remotejob,Negative
9,read here: support my fb page: #virtualassistant #va #business #wealth #workfromhome #adminassistant #executivesupport #startup #assistant,Neutral
10,#eschoolnews cannabis education activities and resources #eschool #elearning #eonline,Neutral
11,#onlinejob #workfromhome #onlinebusiness #0%investment # whatsapp 9113028492 #good morning,Positive
12,#onlinejob #workfromhome #onlinebusiness #0%investment # whatsapp 9113028492 #good morning,Positive
13,working from home on your laptop may cause neck pain & other sitting diseases. discover how ergonomics can help you! visit us at #ergonomics #ergodirect #workfromhome #neckpain,Negative
14,"create a flood of leads, sales, and sign-ups with facebook story ads! ~ #workfromhome #smm",Neutral
15,do you want to make money online? try these sources #earnmoneyonline #payouts #royalties #networth #getpaid #wix #makemoney #passiveincome #onlineincome #financegirl #financetips #workfromhome #waystomakemoney,Neutral
16,"now that we have to know the importance of trust for virtual teams, let's see what we can do to build and maintain this tru",Neutral
17,"enhance your skill-based learning with leadsguru, one of a kind edtech platform #byjus #onlinelearning",Positive
18,organizations have started upskilling their employees and resources. have you? immerse your employees in training program,Neutral
19,win a free make money online business in a box! are you ready to start your affiliate marketingbusiness today? thanks to rahampaul096 and ppzthatrock: enter now! #makemoneyonlne #affiliatemarketing #workfromhome,Positive
20,hujambo! (means hello! in swahili) - we are proud to announce that we work in kenya now!learn more: #safeguarding #profdev #childprotectiontraining #childsafe #childprotection #elearning,Positive
21,"now that we have to know the importance of trust for virtual teams, let's see what we can do to build and maintain this trust. join our upcoming online workshops, and let's collaborate and learn more! #elearning #remotelearning #instructionaldesign",Positive
22,why the fuck does my test out girl look like a model? #onlinelearning #testout,Negative
23,just add this png and you have an instant shirt for you tsy store! #business #store #shopmycloset #shopping #onlinemarketing #digitalmarketing #icanwithabsa #imranriazkhan #playstation5 #ps5share #xboxshare #nintendoswitch #workfromhome,Neutral
24,"#mlmsuccess #workfromhome #networkmarketingsponsoring do you want to tempt a huge selection top notch, leads to consider ones online business every single day? in this case social networking is the ideal... evidence is now here",Positive
25,what do you think about an all-expenses-paid vacation to lajiresorts ?#teg #tegincome #taskrenaearnersgroup #taskrena#pa,Neutral
26,new remote job! storyteller: senior ios developerapply here: #remotework #remotejobs #workfromhome #wfh #remoteworking #futureofwork,Positive
27,birch in action free webinar - getting the most from #scorm reporting. register to watch live 8 july at 1pm (aest) or receive the recording. #learningplatform #lms #elearning #articulate,Positive
28,providing amazing online courses.we offer you a brighter future.for further details visit:,Positive
29,evolution of the #powergrid training is going live today. this #livetraining is for professionals in the #electricen,Positive
30,check this out free make $695 today #workathome #workfromhome #homebusiness #internetmarketing #onlinejobs #makemoneyonline,Positive
31,how vanda made $23k in 15 days while still working at her jobwatch the video here: #entrepreneur #workfromhome,Neutral
32,06-22-2022 #workfromhome free website to make money online with this passive affiliate marketing system while you work from home,Positive
33,get started in this free 15-day online business builder challenge.get your own digital marketing business set up in,Positive
34,a nice video related to free earn $750 today #workathome #workfromhome #homebusiness #internetmarketing #onlinejobs #makemoneyonline,Positive
35,new #remote #job sr technical support engineer at onatype #remotework #vacancy #workfromhome,Positive
36,make your own online courses #onlinecourse #onlinelearning #onlinecourses #education #elearning #online #onlineclass #learning #onlineclasses #onlinetraining #course #training #dirumahaja #learnonline #kursusonline #learn #entrepreneur #stayhome #courses,Positive
37,"obama has already rejected the bright sunlight of public knowledge, which is democracy's great disinfectant and cure. - david k. shipler
#gift,#doge,#seo,#business,#bigbusiness,#workfromhome,#giftideas,#blogging,#growthhackers,#startups",Positive
38,10 healthy + quick vegan snack ideas when working at home #vegan #vegansnacks #wfh #workfromhome,Positive
39,organizations have started upskilling their employees and resources. have you? immerse your employees in training program,Neutral
40,stanford machine learning course #machinelearning #deeplearning #datascience #datascientist #d,Neutral
41,stanford machine learning course #machinelearning #deeplearning #datascience #datascientist #datascientist #dataanalytics #dataanalyst #ad #elearning #learning #course #courses,Neutral
42,be a nodejs expert from scratch #javascript #developer #programming #tech #learning #elearning,Neutral
43,be a nodejs expert from scratch #javascript #developer #programming #tech #learning #elearning,Neutral
44,new remote job marketing communications #remotejobs #remote #remoteworking #workfromhome #homejobs #remotejob,Negative
45,be a nodejs expert from scratch #javascript #developer #programming #tech #learning #elearning,Neutral
46,be a nodejs expert from scratch #javascript #developer #programming #tech #learning #elearning,Neutral
47,be a nodejs expert from scratch #javascript #developer #programming #tech #learning #elearning,Neutral
48,be a nodejs expert from scratch #javascript #developer #programming #tech #learning #elearning,Neutral
49,be a nodejs expert from scratch #javascript #developer #programming #tech #learning #elearning #ad,Neutral
50,"the sun is new each day. - heraclitus
#affiliatemarketer,#btc,#emailmarketing,#advertising,#deal,#affiliatemarketer,#tumblr,#digitalmarketing,#workfromhome,#affiliatemarketingforbeginners",Positive
51,a youtube vid you might like free earn $900 today #workathome #workfromhome #homebusiness #internetmarketing #onlinejobs #makemoneyonline,Positive
52,"as we continue to try to adapt to 'covid normal', is it time for our workers to fully return to their original workplaces?",Positive
53,evolution of the #powergrid training is going live today. this #livetraining is for professionals in the #electricenergy industry #elearning #gridtraining #renewables #renewableenergy #renewable #energytransition #energyefficiency #powersector,Positive
54,organizations have started upskilling their employees and resources. have you? immerse your employees in training program,Neutral
55,new remote job! toptal: senior devops engineer #remotework #remotejobs #workfromhome #wfh #remoteworking #futureofwork,Positive
56,"without naming portfolio startups, sequoia says will drive governance | business news,the indian express . #byjus #onlinelearning",Neutral
57,#workfromhome #networkmarketingsponsoring #affiliatemarketing make the dreams and goals come true by understanding getting unlimited prospects at your own website,Positive
58,organizations have started upskilling their employees and resources. have you? immerse your employees in training programs. add the power of ar/vr and make it fun! #employeeengagement #onlinelearning #ar#vr,Positive
59,india's incredible startup stats - youtube. #byjus #onlinelearning,Positive
60,"as we continue to try to adapt to 'covid normal', is it time for our workers to fully return to their original workplaces? three recent cases in the fair work commission have explored this issue.#caselaw #covid #workfromhome",Positive
61,"cover whale, an insurtech for the commercial trucking industry, is hiring a customer retention specialist with one yea",Neutral
62,"cover whale, an insurtech for the commercial trucking industry, is hiring a customer retention specialist with one year of experience. #workfromhome #hiring #wfh",Neutral
63,#freecourse getting started with google sites create a webpage quickly #free #elearning #academ,Positive
64,#workfromhome hp 216a magenta original laserjet toner cartridge,Positive
65,"every great and deep difficulty bears in itself its own solution. it forces us to change our thinking in order to find it. - niels bohr
#affiliatemarketing,#business,#workfromhome,#facebook,#influencer,#ecommerce,#jvzoo,#onlinemarketing,#facebook,#inspiration",Positive
66,are you team office or team remote? #workfromhome,Negative
67,an easier hump day! results> #alwayslearning #millionairementor #bosschicks #crm #businessstrategy #businessintelligence #luxuryhome #digitalmarketing #influencermarketing #homeimprovement #wednesdayfeeling #workfromhome #coworker #homebalancer,Neutral
68,retirement age? we do not worry about that.you want to know why? read here: #workfromhome #wor,Neutral
69,free traffic- free sales... to any website you choose- #affiliatemarketing #makemoneyonline #workfromhome,Positive
70,"hey guys support my hustle i install cctv, dstv and any other related satellite in home school and office 0708585858",Negative
71,determine the best online business for you with this short quiz #workfromhome #onlinebusiness #onlinejob,Positive
72,why i love working from home in the province than in the city #workfromhome #peaceofmind #savemoney,Positive
73,"political courage is not political suicide. - arnold schwarzenegger
#inspiration,#workfromhome,#bigbusiness,#startup,#affiliate,#onlineshopping,#internetmarketing,#startups,#deals,#businesstip",Neutral
74,#makemoneyonline #workfromhome i stumbled upon a means which an individual can easily acquire a lot of visitors to a internet business by simply utilizing totally free social media marketing,Positive
75,ohnrlott coach...can you #workfromhome??,Neutral
76,earn your first $6 to $15 per day free ebook download #makemoneyonline#makemoney#workfromhome#earnmoney#work#jobs #free#ebook#download #free-ebookdownload #affiliatemarketing,Positive
77,"activate""multiple streams"" of autopilot traffic & sales inside one dashboard in 60 seconds or less.... visit the link below for access #workfromhome #onlinejobsworkfromhome #jobseeker #getpaid #earnmoneyonline .",Negative
78,interesting in working from home? do you want to learn how to run a successful email marketing business? #workfromhome #emailmarketing #mlm #entrepreneur #motivation #homebusiness,Positive
79,may 2022 sat w/calc no.24#testprep #collegeprep #sat#act #education #teachers #acttestprep #student #learning #tutor #satpractice #sattestprep #highschoolstudent #collegeapplication #onlinelearning #onlinetutoring #commonapp #tutoringservices #collegeboard #study,Neutral
80,newly developed system generating life-changing wealth currently looking for additional beta-testers. use this link for free access #makemoneyonline #workfromhome #sidehustle #crypto,Positive
81,a topological space of fonts do you see the separation of serif and non-serif fonts? (neill d.f,Neutral
82,the riemann sums + + #math #science #iteachmath #mtbos #visualization #elearning #calculu,Neutral
83,having basic knowledge of css + javascript can make your days less stressful #elearning #instructionaldesigner #addie #lms #scorm #whatfix #saas #cms,Negative
84,case of the week adult male with shoulder pain and decreased range of motion after trauma. what is the most lik,Positive
85,new remote job billing specialist billing #remotejobs #remoteworking #workfromhome #homejobs #remotejob,Positive
86,check out ewardy_app where you can earn real money online by watching streams!sign up to rewardy using my link to get started with a bonus! #win #gift #card #steamwallet #deals #workfromhome #makemoneyonline,Positive
87,elearning trends influencing the education sector. #edtech #iloveedtech #imfutureready #elearnin,Neutral
88,our doggies are happy; they love having mom and dad home all the time. working from home is great!! #workfromhome,Positive
89,"an essential factor in creating your perfect ""work from home"" setup is comfort. many companies have a remote work experience for their employees. creating a comfortable and welcomi... #homeoffice #workfromhome #homeofficedesign #workplacewellness #teamgtn",Positive
90,#biztips #workfromhome brand-new method of getting site visitors,Neutral
91,are you team office or team remote? #workfromhome,Negative
92,slicing a cylinder in rotation by diagonal gives a sine function eogebra #geogebra athematicsprof,Neutral
93,providing amazing online courses.we offer you a brighter future.for further details visit: #education #onlinelearning #distancelearning #distanceeducation #distanceteaching #elearningcourses #onlineeducation #onlinecourses #onlineclasses #onlinecoaching,Positive
94,your choice - you're in charge now. (image by alesah villalon)#virtualassistant #virtuallifestyle #workfromhome #vacafe,Neutral
