,UserName,Text
0,tweets_worthy,Newly developed system generating life-changing wealth currently looking for additional beta-testers. Use this link for FREE access ‚ñ∫ https://t.co/7b52sxo65Q #makemoneyonline #workfromhome #sidehustle #crypto https://t.co/UkwtszAP7B
1,KavishH10,#onlinejob #workfromhome #onlinebusiness #0%investment # whatsapp 9113028492 #good morning https://t.co/KrileRAo5F
2,KavishH10,#onlinejob #workfromhome #onlinebusiness #0%investment # whatsapp 9113028492 #good morning https://t.co/jXgnq6U0MA
3,KavishH10,#onlinejob #workfromhome #onlinebusiness #0%investment # whatsapp 9113028492 #good morning https://t.co/pxZnDGpQ41
4,PaleriAnuja,"Haryana: Students Of Classes 10-12 To Get Free Tablets, Internet Data In May | Mint

https://t.co/KSVgEgrLqO

 #byjuS  #onlinelearning"
5,KavishH10,#onlinejob #workfromhome #onlinebusiness #0%investment # whatsapp 9113028492 #good morning https://t.co/MZOlm4ivhD
6,KavishH10,#onlinejob #workfromhome #onlinebusiness #0%investment # whatsapp 9113028492 #good morning https://t.co/6Elpf3wBo9
7,TravisJLoizos,"Vision builds hope into you, your business, your company and your future for a better tomorrow. https://t.co/2wJ1w2GpEN #howtomakemoneyonline #makemoneyonline #onlinebusiness #workfromhome #entrepreneur"
8,remotejobsninja,"New Remote Job üèÜüëáüèª

 Executive Assistant https://t.co/1TNacyZlsS #remotejobs #remote #remoteworking #workfromhome #homejobs #remotejob"
9,staygoldkrt,"Read here:
https://t.co/k96T7kDDjv

Support my FB Page: https://t.co/ZPVY5M6RFA

#virtualassistant  #VA #business #wealth #workfromhome #adminassistant #executivesupport #startup #assistant https://t.co/ggqyCLmZ67"
10,FromCanada_org,#EschoolNews  https://t.co/QEGglLoR4C Cannabis Education Activities and Resources #Eschool #elearning #eOnline https://t.co/0qV9PcRPNF
11,KavishH10,#onlinejob #workfromhome #onlinebusiness #0%investment # whatsapp 9113028492 #good morning https://t.co/FVSiA32cdw
12,KavishH10,#onlinejob #workfromhome #onlinebusiness #0%investment # whatsapp 9113028492 #good morning https://t.co/3crqp14sd7
13,ErgoDirect,"Working from home on your laptop may cause neck pain &amp; other sitting diseases. Discover how ergonomics can help you! Visit us at https://t.co/kORAWtRffi

#ergonomics #ergodirect #workfromhome #neckpain https://t.co/QTtSZRWXjW"
14,DavidGHagstrom,"Create a Flood of Leads, Sales, and Sign-Ups with Facebook Story Ads! ~ https://t.co/APWIIraD0b  #WorkFromHome #SMM https://t.co/TLVGZM0gut"
15,apbusinessideas,"Do you want to make money online? Try these sources https://t.co/v1OIYH7f0W

#earnmoneyonline #payouts #royalties #networth #getpaid #wix #makemoney #passiveincome #onlineincome #financegirl  #financetips #workfromhome #waystomakemoney https://t.co/qiqs9BPKxH"
16,Kikomanmachine,"RT @RayJimenez: Now that we have to know the importance of trust for virtual teams, let‚Äôs see what we can do to build and maintain this tru‚Ä¶"
17,RanjanaVakharia,"Enhance Your Skill-Based Learning With LeadsGuru, One Of A Kind EdTech Platform

https://t.co/F52Lraurv6

 #bYjus  #OnlineLearning"
18,hr_trends_bot,"RT @experizer: Organizations have started upskilling their employees and resources. Have you? 

Immerse your employees in training programs‚Ä¶"
19,grahampaul096,"Win A free Make Money online Business In a box! Are you ready to start your affiliate marketing
business today? Thanks to @grahampaul096 and @appzthatrock: Enter now! #makemoneyonlne #affiliatemarketing #workfromhome https://t.co/XjfU83sFub"
20,childsafeaware,"Hujambo! (Means Hello! in Swahili)

https://t.co/vcFO3Jgle2 - We are proud to announce that we work in Kenya now!

Learn more: https://t.co/pRzon2nS2C 

 #safeguarding #profdev #childprotectiontraining #childsafe #childprotection #elearning https://t.co/FLUNDjTdU9"
21,RayJimenez,"Now that we have to know the importance of trust for virtual teams, let‚Äôs see what we can do to build and maintain this trust. 

Join our upcoming Online Workshops, and let's collaborate and learn more!  https://t.co/MpQb7vzBNJ

#elearning #remotelearning #instructionaldesign https://t.co/5JbOXmQ1HX"
22,NickNam28114019,Why the fuck does my Test Out girl look like a model? #onlinelearning #testout https://t.co/OhzYEhB3lr
23,noahsartroom,"Just add this PNG and you have an instant shirt for you @etsy store!

üö®üö®üö®üö®üö®üö®

https://t.co/ePABQf9l4M 

#business #store #ShopMyCloset #shopping #OnlineMarketing #DigitalMarketing #ICanWithAbsa #ImranRiazKhan #PlayStation5 #PS5Share #XboxShare #NintendoSwitch #WorkFromHome"
24,mlmleadrush,"#MLMsuccess #WorkFromHome #NetworkMarketingSponsoring Do you want to tempt a huge selection top notch, leads to consider ones online business every single day? in this case social networking is the ideal... evidence is now here https://t.co/LQ2PN800Sp https://t.co/d2FDHMHb8N"
25,emmyjai22,"RT @taskrena: What do you think about an all-expenses-paid vacation to @ilajiResorts ?
#teg #tegincome #taskrenaearnersgroup #taskrena
#pas‚Ä¶"
26,weworkremotely,"New Remote Job! Storyteller: Senior iOS Developer
Apply here: https://t.co/ltsuIzJTXk
#remotework #remotejobs #workfromhome #wfh #remoteworking #futureofwork"
27,bonlinelearning,"Birch in Action free webinar - Getting the most from #SCORM reporting. Register to watch live 8 July at 1pm (AEST) or receive the recording. #LearningPlatform #LMS #eLearning #Articulate 
https://t.co/2nucczgmlP"
28,DistanceLrnBot,"RT @milirgroups_cbe: Providing amazing online courses.We offer you a brighter future
.
For further details visit: https://t.co/8hZJ27Cy5X‚Ä¶"
29,rinsletgarnia,RT @NovironTraining: Evolution of the #PowerGrid Training is going live today.   This #livetraining is for professionals in the #electricen‚Ä¶
30,Marketi93387465,Check this out FREE MAKE $695 TODAY https://t.co/hVcGvrtOEC #workathome #workfromhome #homebusiness #internetmarketing #onlinejobs #makemoneyonline
31,Consultingator,"How Vanda Made $23K In 15 Days While Still Working At Her Job

Watch the video here: https://t.co/3d4pmSLfMX

#entrepreneur #workfromhome https://t.co/U1fE1ViPBT"
32,IncomeWebsites5,06-22-2022 #WorkFromHome FREE Website to Make Money Online with This Passive Affiliate Marketing System While You Work from Home https://t.co/SqoHV9XQR5
33,cpittapa,"RT @WorkAtHomeMikeM: Get Started In This FREE 15-Day Online Business Builder Challenge.

Get your own digital marketing business set up in‚Ä¶"
34,dating677,A nice video related to FREE EARN $750 TODAY https://t.co/znnnRB9Bnp #workathome #workfromhome #homebusiness #internetmarketing #onlinejobs #makemoneyonline
35,WantRemoteJob,"New #remote #job Sr Technical Support Engineer at @sonatype
https://t.co/7IEFrJHDdQ
#remotework #vacancy #workfromhome"
36,AedinInsight,Make Your Own Online Courses https://t.co/K1bfwkwpJe #onlinecourse #onlinelearning #onlinecourses #education #elearning #online #onlineclass #learning #onlineclasses #onlinetraining #course #training #dirumahaja #learnonline #kursusonline #learn #entrepreneur #stayhome #COURSES https://t.co/BF5eLAG7IC
37,AlexandrEdgers,"Obama has already rejected the bright sunlight of public knowledge, which is democracy's great disinfectant and cure. - David K. Shipler

#gift,#doge,#seo,#business,#bigbusiness,#workfromhome,#giftideas,#blogging,#growthhackers,#startups"
38,LyliaRose,"10 healthy + quick vegan snack ideas when working at home

https://t.co/N2NtnbqDZj

#vegan #vegansnacks #WFH #workfromhome"
39,VrRetweeter,"RT @experizer: Organizations have started upskilling their employees and resources. Have you? 

Immerse your employees in training programs‚Ä¶"
40,_OliviaBot,RT @machinelearnflx: Stanford Machine Learning course https://t.co/QUiNRwJ7dU #machinelearning #deeplearning #datascience #datascientist #d‚Ä¶
41,machinelearnflx,Stanford Machine Learning course https://t.co/QUiNRwJ7dU #machinelearning #deeplearning #datascience #datascientist #datascientist #DataAnalytics #dataanalyst #ad #elearning #learning #course #courses
42,UtibeAbasiJacob,RT @javascriptflx: Be a NodeJS expert from scratch https://t.co/nLgLQiRqPq   #javascript #developer #programming #tech #learning #elearning‚Ä¶
43,DevRetweetBot,RT @javascriptflx: Be a NodeJS expert from scratch https://t.co/nLgLQiRqPq   #javascript #developer #programming #tech #learning #elearning‚Ä¶
44,remotejobsninja,"New Remote Job üèÜüëáüèª

 Marketing Communications https://t.co/FualODBdIw #remotejobs #remote #remoteworking #workfromhome #homejobs #remotejob"
45,rahul05ranjan,RT @javascriptflx: Be a NodeJS expert from scratch https://t.co/nLgLQiRqPq   #javascript #developer #programming #tech #learning #elearning‚Ä¶
46,rahul05ranjan,RT @javascriptflx: Be a NodeJS expert from scratch https://t.co/nLgLQiRqPq   #javascript #developer #programming #tech #learning #elearning‚Ä¶
47,GoaiDev,RT @javascriptflx: Be a NodeJS expert from scratch https://t.co/nLgLQiRqPq   #javascript #developer #programming #tech #learning #elearning‚Ä¶
48,GoaiDev,RT @javascriptflx: Be a NodeJS expert from scratch https://t.co/nLgLQiRqPq   #javascript #developer #programming #tech #learning #elearning‚Ä¶
49,javascriptflx,Be a NodeJS expert from scratch https://t.co/nLgLQiRqPq   #javascript #developer #programming #tech #learning #elearning #ad
50,AlexandrEdgers,"The sun is new each day. - Heraclitus

#affiliatemarketer,#btc,#emailmarketing,#advertising,#deal,#affiliatemarketer,#tumblr,#digitalmarketing,#workfromhome,#affiliatemarketingforbeginners"
51,Diabetes_Secret,A Youtube vid you might like FREE EARN $900 TODAY https://t.co/5Imc9wHDqI #workathome #workfromhome #homebusiness #internetmarketing #onlinejobs #makemoneyonline
52,portnerpress,"RT @ELPHandbook: As we continue to try to adapt to ‚ÄòCOVID normal‚Äô, is it time for our workers to fully return to their original workplaces?‚Ä¶"
53,NovironTraining,"Evolution of the #PowerGrid Training is going live today.   This #livetraining is for professionals in the #electricenergy industry #eLearning 
#GridTraining https://t.co/FGOAVeCn2Q #renewables #renewableenergy #Renewable #EnergyTransition #energyefficiency #powersector https://t.co/B2Kd4DNJYm"
54,educationbnb,"RT @experizer: Organizations have started upskilling their employees and resources. Have you? 

Immerse your employees in training programs‚Ä¶"
55,weworkremotely,"New Remote Job! Toptal: Senior DevOps Engineer 
https://t.co/tJq590xV1L
#remotework #remotejobs #workfromhome #wfh #remoteworking #futureofwork"
56,PrathyushaG13,"Without naming portfolio startups, Sequoia says will drive governance | Business News,The Indian Express

https://t.co/Ak9WlIBLav.

 #BYJUs  #OnlineLearning"
57,Richer4Ever,#WorkFromHome #NetworkMarketingSponsoring #AffiliateMarketing Make the dreams and goals come true by understanding getting unlimited prospects at your own website https://t.co/dWHeAxC0c9 https://t.co/qbfa1IJk7U
58,experizer,"Organizations have started upskilling their employees and resources. Have you? 

Immerse your employees in training programs. Add the power of AR/VR and make it fun!  
https://t.co/ZdJLQfw4Zn

#EmployeeEngagement #OnlineLearning 
#AR
#VR"
59,SahitiReddy9,"India's incredible Startup Stats - YouTube.

https://t.co/sAtpRoZdNw

 #byJus  #Onlinelearning"
60,ELPHandbook,"As we continue to try to adapt to ‚ÄòCOVID normal‚Äô, is it time for our workers to fully return to their original workplaces? Three recent cases in the Fair Work Commission have explored this issue.
#caselaw #COVID #workfromhome
https://t.co/ITNDskAM0O"
61,NkenchorS,"RT @thepennyhoarder: Cover Whale, an insurtech for the commercial trucking industry, is hiring a customer retention specialist with one yea‚Ä¶"
62,thepennyhoarder,"Cover Whale, an insurtech for the commercial trucking industry, is hiring a customer retention specialist with one year of experience. #WorkFromHome #Hiring #WFH https://t.co/AHvMZVNMMm"
63,education_24x7,RT @discoveryvip: #FREECOURSE Getting Started with Google Sites Create a WebPage Quickly   https://t.co/8CjEsZKNpl #FREE #elearning #academ‚Ä¶
64,BlueshieldO,#workfromhome HP 216A Magenta Original LaserJet Toner Cartridge https://t.co/1gIDikgyVT https://t.co/LH0wiU8bPI
65,AlexandrEdgers,"Every great and deep difficulty bears in itself its own solution. It forces us to change our thinking in order to find it. - Niels Bohr

#affiliatemarketing,#business,#workfromhome,#facebook,#influencer,#ecommerce,#jvzoo,#onlinemarketing,#facebook,#inspiration"
66,NkenchorS,RT @thepennyhoarder: Are you Team Office or Team Remote? #workfromhome https://t.co/iwGgByMKGp
67,kirby_usa,"An Easier Hump Day!  üê™ Results&gt; https://t.co/egovz7ml8C

#alwayslearning #millionairementor #bosschicks #crm #BusinessStrategy #BusinessIntelligence #luxuryhome #digitalmarketing #influencermarketing #homeimprovement #WednesdayFeeling #WorkFromHome #coworker #HomeBalancer https://t.co/SJpBbUJTJ8"
68,MayhemMarriage,"RT @MayhemMarriage: Retirement age? We do not worry about that.
You want to know why? Read here: https://t.co/9L1QBfFwbx
#workfromhome #wor‚Ä¶"
69,Maddsue4444,FREE Traffic- FREE Sales... to Any website You Choose- üòé https://t.co/C20qRf4dQc ‚ù§Ô∏è #affiliatemarketing #makemoneyonline #workfromhome https://t.co/4NBTSqz2Ie
70,alex_kamulu,"RT @rajah_victor: Hey guys support my hustle I install  CCTV, DSTV and any other related satellite in home school and officeüôè
‚òéÔ∏è 0708585858‚Ä¶"
71,tweets_worthy,Determine the best online business for YOU with this short quiz ‚ñ∫ https://t.co/kwPmCxrs5e #workfromhome #onlinebusiness #onlinejob https://t.co/sGANIQbvMI
72,vdbzone,"Why I Love Working From Home in the Province Than in the City #workfromhome #peaceofmind #savemoney
https://t.co/ZAb305eH6o"
73,AlexandrEdgers,"Political courage is not political suicide. - Arnold Schwarzenegger

#inspiration,#workfromhome,#bigbusiness,#startup,#affiliate,#onlineshopping,#internetmarketing,#startups,#deals,#businesstip"
74,Richer4Ever,#MakeMoneyOnline #WorkFromHome I stumbled upon a means which an individual can easily acquire a lot of visitors to a internet business by simply utilizing totally free social media marketing https://t.co/6FRJLU5Y4S https://t.co/9DeOO2goFP
75,TheChrisOchs,@JohnRLott Coach...Can you #workfromhome??
76,m0tivation_HQ,"EARN YOUR FIRST $6 TO $15 PER DAY FREE EBOOK DOWNLOADüëâhttps://t.co/KQ7Z3w2a5m

#makemoneyonline¬†#makemoney¬†#workfromhome¬†#earnmoney¬†#work¬†#jobs #free¬†#ebook¬†#download #free-ebookdownload #affiliatemarketing https://t.co/EinGBSdAzr"
77,TWEETPRESSS,"Activate¬†‚ÄúMultiple Streams‚Äù Of AutoPilot Traffic &amp; Sales Inside ONE Dashboard In 60 Seconds or Less.... Visit the link below for Access

https://t.co/b6iIwuQIvL

#WorkFromHome #onlinejobsworkfromhome #jobseeker #getpaid #EarnMoneyOnline https://t.co/IKJQX1BGBG ."
78,ExtremeDeals81,Interesting In Working From Home? Do You Want To Learn How To Run A Successful Email Marketing Business? #workfromhome #emailmarketing #MLM #entrepreneur #motivation #homebusiness https://t.co/BD7pDb5Rad
79,dexter36613,"May 2022 SAT W/Calc No.24
#testprep #collegeprep #SAT
#ACT #education #teachers #acttestprep #student #learning #tutor #satpractice #sattestprep #highschoolstudent #collegeapplication #onlinelearning #onlinetutoring #commonapp #tutoringservices #collegeboard #study https://t.co/fy7q6y8i0b"
80,tweets_worthy,Newly developed system generating life-changing wealth currently looking for additional beta-testers. Use this link for FREE access ‚ñ∫ https://t.co/7b52sxo65Q #makemoneyonline #workfromhome #sidehustle #crypto https://t.co/FHQR8XrxUZ
81,yongmaylingjen1,"RT @74WTungsteno: A topological space of fonts üî§
Do you see the separation of serif and non-serif fonts?
https://t.co/YucepN0Ayu (Neill D.F‚Ä¶"
82,yongmaylingjen1,"RT @74WTungsteno: The Riemann Sums ‚óæ + ‚óæ + ‚óæ
https://t.co/IOSJLaJCLt
#math #science #iteachmath #mtbos #visualization #elearning #calculus‚Ä¶"
83,edtechmarlene,Having basic knowledge of Css + JavaScript can make your days less stressful #elearning #instructionaldesigner  #addie #LMS #scorm #WhatFix #SaaS #CMS
84,FOAMradOrg,"RT @RadiologyTexas: ‚ò¢Ô∏è Case of the week ‚ò¢Ô∏è 

Adult male with shoulder pain and decreased range of motion after trauma. What is the most lik‚Ä¶"
85,remotejobsninja,"New Remote Job üèÜüëáüèª

 Billing Specialist Billing https://t.co/fAcNFynWkh #remotejobs #remoteworking #workfromhome #homejobs #remotejob"
86,Luisoberto15,"Check out @rewardy_app where you can earn real money online by watching streams!

Sign up to Rewardy using my link to get started with a bonus!
https://t.co/5UmltAr8Fp

 #win #gift #card #steamwallet #deals #workfromhome #makemoneyonline"
87,cmt1,RT @ImFutureReady: eLearning Trends Influencing The Education Sector. https://t.co/BxEzntIhoo #edtech #ILoveEdTech #ImFutureReady #elearnin‚Ä¶
88,danahags,Our doggies are happy; they love having mom and dad home all the time. Working from home is GREAT!!  #workfromhome https://t.co/Z9tJG7uTcT
89,TeamGTN,"An essential factor in creating your perfect ""work from home"" setup is comfort. Many companies have a remote work experience for their employees. Creating a comfortable and welcomi...
https://t.co/eClpDzyIlP

#homeoffice #workfromhome #homeofficedesign #workplacewellness #teamgtn https://t.co/uUpxCwaN7s"
90,JamesHicksUK,#BizTips #WorkFromHome Brand-new method of getting site visitors https://t.co/tYnR4g9tNz https://t.co/1rupq4QOAW
91,thepennyhoarder,Are you Team Office or Team Remote? #workfromhome https://t.co/iwGgByMKGp
92,DianaHristova11,"RT @dment37: Slicing a cylinder in rotation by diagonal gives a sine function @geogebra 
https://t.co/5pkZ282aji
#geogebra @mathematicsprof‚Ä¶"
93,milirgroups_cbe,"Providing amazing online courses.We offer you a brighter future
.
For further details visit: https://t.co/8hZJ27Cy5X 
#education #onlinelearning #distancelearning #distanceeducation #distanceteaching #elearningcourses #onlineeducation #onlinecourses #onlineclasses #onlinecoaching https://t.co/GNq7rrDUPk"
94,VACafeOnline,"RT @VACafeOnline: Your choice - you're in charge now. (Image by Alesah Villalon)

#virtualassistant #virtuallifestyle #workfromhome #VACafe‚Ä¶"
